--
-- PostgreSQL database dump
--

-- Dumped from database version 12.4
-- Dumped by pg_dump version 12.4

-- Started on 2021-02-01 17:56:25

SET statement_timeout = 0;
SET lock_timeout = 0;
SET idle_in_transaction_session_timeout = 0;
SET client_encoding = 'UTF8';
SET standard_conforming_strings = on;
SELECT pg_catalog.set_config('search_path', '', false);
SET check_function_bodies = false;
SET xmloption = content;
SET client_min_messages = warning;
SET row_security = off;

SET default_tablespace = '';

SET default_table_access_method = heap;

--
-- TOC entry 202 (class 1259 OID 24785)
-- Name: client; Type: TABLE; Schema: public; Owner: postgres
--

CREATE TABLE public.client (
    id bigint NOT NULL,
    adresse_ent character varying(255),
    adresse_fact character varying(255),
    email character varying(255),
    nom character varying(255),
    nom_ent character varying(255),
    prenom character varying(255),
    statut character varying(255),
    tel character varying(255),
    user_id bigint NOT NULL
);


ALTER TABLE public.client OWNER TO postgres;

--
-- TOC entry 203 (class 1259 OID 24793)
-- Name: jhi_authority; Type: TABLE; Schema: public; Owner: postgres
--

CREATE TABLE public.jhi_authority (
    name character varying(50) NOT NULL
);


ALTER TABLE public.jhi_authority OWNER TO postgres;

--
-- TOC entry 204 (class 1259 OID 24803)
-- Name: jhi_persistent_audit_event; Type: TABLE; Schema: public; Owner: postgres
--

CREATE TABLE public.jhi_persistent_audit_event (
    event_id bigint NOT NULL,
    event_date timestamp without time zone,
    event_type character varying(255),
    principal character varying(255) NOT NULL
);


ALTER TABLE public.jhi_persistent_audit_event OWNER TO postgres;

--
-- TOC entry 205 (class 1259 OID 24811)
-- Name: jhi_persistent_audit_evt_data; Type: TABLE; Schema: public; Owner: postgres
--

CREATE TABLE public.jhi_persistent_audit_evt_data (
    event_id bigint NOT NULL,
    value character varying(255),
    name character varying(255) NOT NULL
);


ALTER TABLE public.jhi_persistent_audit_evt_data OWNER TO postgres;

--
-- TOC entry 206 (class 1259 OID 24819)
-- Name: jhi_user; Type: TABLE; Schema: public; Owner: postgres
--

CREATE TABLE public.jhi_user (
    id bigint NOT NULL,
    created_by character varying(50) NOT NULL,
    created_date timestamp without time zone,
    last_modified_by character varying(50),
    last_modified_date timestamp without time zone,
    activated boolean NOT NULL,
    activation_key character varying(20),
    email character varying(254),
    first_name character varying(50),
    image_url character varying(256),
    lang_key character varying(10),
    last_name character varying(50),
    login character varying(50) NOT NULL,
    password_hash character varying(60) NOT NULL,
    reset_date timestamp without time zone,
    reset_key character varying(20)
);


ALTER TABLE public.jhi_user OWNER TO postgres;

--
-- TOC entry 207 (class 1259 OID 24827)
-- Name: jhi_user_authority; Type: TABLE; Schema: public; Owner: postgres
--

CREATE TABLE public.jhi_user_authority (
    user_id bigint NOT NULL,
    authority_name character varying(50) NOT NULL
);


ALTER TABLE public.jhi_user_authority OWNER TO postgres;

--
-- TOC entry 210 (class 1259 OID 32994)
-- Name: message; Type: TABLE; Schema: public; Owner: postgres
--

CREATE TABLE public.message (
    id bigint NOT NULL,
    contenu character varying(255),
    date timestamp without time zone,
    receiver_id bigint,
    sender_id bigint
);


ALTER TABLE public.message OWNER TO postgres;

--
-- TOC entry 209 (class 1259 OID 32992)
-- Name: message_id_seq; Type: SEQUENCE; Schema: public; Owner: postgres
--

ALTER TABLE public.message ALTER COLUMN id ADD GENERATED BY DEFAULT AS IDENTITY (
    SEQUENCE NAME public.message_id_seq
    START WITH 1
    INCREMENT BY 1
    NO MINVALUE
    NO MAXVALUE
    CACHE 1
);


--
-- TOC entry 208 (class 1259 OID 24843)
-- Name: sequence_generator; Type: SEQUENCE; Schema: public; Owner: postgres
--

CREATE SEQUENCE public.sequence_generator
    START WITH 1
    INCREMENT BY 50
    NO MINVALUE
    NO MAXVALUE
    CACHE 1;


ALTER TABLE public.sequence_generator OWNER TO postgres;

--
-- TOC entry 2869 (class 0 OID 24785)
-- Dependencies: 202
-- Data for Name: client; Type: TABLE DATA; Schema: public; Owner: postgres
--

COPY public.client (id, adresse_ent, adresse_fact, email, nom, nom_ent, prenom, statut, tel, user_id) FROM stdin;
9999	\N	\N	contact@btnet.fr	Marine	\N	Barreiros	Propriétaire	\N	4653
\.


--
-- TOC entry 2870 (class 0 OID 24793)
-- Dependencies: 203
-- Data for Name: jhi_authority; Type: TABLE DATA; Schema: public; Owner: postgres
--

COPY public.jhi_authority (name) FROM stdin;
ROLE_ADMIN
ROLE_USER
ROLE_MARINE
ROLE_CLIENT
\.


--
-- TOC entry 2871 (class 0 OID 24803)
-- Dependencies: 204
-- Data for Name: jhi_persistent_audit_event; Type: TABLE DATA; Schema: public; Owner: postgres
--

COPY public.jhi_persistent_audit_event (event_id, event_date, event_type, principal) FROM stdin;
4302	2021-02-01 11:31:24.756246	AUTHENTICATION_SUCCESS	admin
4303	2021-02-01 11:31:40.580265	AUTHENTICATION_SUCCESS	marine
4502	2021-02-01 12:52:40.327955	AUTHENTICATION_SUCCESS	admin
4503	2021-02-01 12:53:07.856215	AUTHENTICATION_SUCCESS	test
4552	2021-02-01 13:51:59.209196	AUTHENTICATION_SUCCESS	marine
4553	2021-02-01 13:54:45.152276	AUTHENTICATION_SUCCESS	marine
4554	2021-02-01 13:55:09.001442	AUTHENTICATION_SUCCESS	admin
4604	2021-02-01 15:29:48.768125	AUTHENTICATION_SUCCESS	admin
4857	2021-02-01 15:36:00.898693	AUTHENTICATION_SUCCESS	admin
5002	2021-02-01 15:45:49.453371	AUTHENTICATION_FAILURE	azer
5003	2021-02-01 15:45:52.74727	AUTHENTICATION_SUCCESS	azer
2102	2021-01-04 13:24:04.225034	AUTHENTICATION_SUCCESS	admin
2252	2021-01-04 18:08:43.352049	AUTHENTICATION_SUCCESS	admin
2253	2021-01-04 18:08:57.613531	AUTHENTICATION_SUCCESS	admin
2254	2021-01-04 18:09:10.945226	AUTHENTICATION_SUCCESS	admin
2255	2021-01-04 18:41:47.086168	AUTHENTICATION_SUCCESS	admin
2402	2021-01-09 09:34:13.362933	AUTHENTICATION_SUCCESS	admin
2403	2021-01-09 09:43:39.03709	AUTHENTICATION_SUCCESS	test.user
2552	2021-01-15 11:52:45.158179	AUTHENTICATION_SUCCESS	admin
2802	2021-01-15 12:58:01.308071	AUTHENTICATION_SUCCESS	marine
2803	2021-01-15 12:58:21.648389	AUTHENTICATION_SUCCESS	admin
2804	2021-01-15 13:03:00.906666	AUTHENTICATION_SUCCESS	c1
2805	2021-01-15 13:03:19.122217	AUTHENTICATION_SUCCESS	c2
2806	2021-01-15 15:04:43.588251	AUTHENTICATION_SUCCESS	admin
2807	2021-01-15 16:44:08.912474	AUTHENTICATION_SUCCESS	marine
2808	2021-01-15 16:44:20.597605	AUTHENTICATION_SUCCESS	c1
2809	2021-01-15 16:51:59.812803	AUTHENTICATION_SUCCESS	c1
2902	2021-01-22 13:06:15.310865	AUTHENTICATION_SUCCESS	admin
2903	2021-01-22 13:08:16.584752	AUTHENTICATION_SUCCESS	c1
2904	2021-01-22 13:08:45.66166	AUTHENTICATION_SUCCESS	c2
2905	2021-01-22 15:40:16.3598	AUTHENTICATION_SUCCESS	c1
2906	2021-01-22 15:40:41.098981	AUTHENTICATION_SUCCESS	c2
2907	2021-01-22 15:48:10.953113	AUTHENTICATION_SUCCESS	c1
2908	2021-01-22 16:25:07.719972	AUTHENTICATION_SUCCESS	c1
3002	2021-01-22 16:55:42.030459	AUTHENTICATION_SUCCESS	marine
3003	2021-01-22 16:57:31.604624	AUTHENTICATION_SUCCESS	marine
3152	2021-01-23 13:08:06.011707	AUTHENTICATION_SUCCESS	marine
3153	2021-01-23 13:53:05.37755	AUTHENTICATION_SUCCESS	c2
3154	2021-01-23 14:27:10.432753	AUTHENTICATION_FAILURE	marine
3155	2021-01-23 14:27:15.742218	AUTHENTICATION_SUCCESS	marine
3156	2021-01-23 14:31:15.394434	AUTHENTICATION_SUCCESS	c1
3157	2021-01-23 14:32:53.674364	AUTHENTICATION_SUCCESS	c1
3252	2021-01-24 12:39:02.019838	AUTHENTICATION_SUCCESS	admin
3352	2021-01-24 15:54:21.22387	AUTHENTICATION_SUCCESS	marine
3353	2021-01-24 16:21:05.446453	AUTHENTICATION_SUCCESS	admin
3354	2021-01-24 18:43:58.930371	AUTHENTICATION_SUCCESS	admin
3355	2021-01-24 18:58:10.066152	AUTHENTICATION_SUCCESS	admin
3356	2021-01-24 18:59:46.621391	AUTHENTICATION_SUCCESS	admin
3357	2021-01-24 19:05:40.513668	AUTHENTICATION_FAILURE	admin
3358	2021-01-24 19:05:43.602977	AUTHENTICATION_FAILURE	admin
3359	2021-01-24 19:05:44.826448	AUTHENTICATION_FAILURE	admin
3360	2021-01-24 19:05:44.942595	AUTHENTICATION_FAILURE	admin
3361	2021-01-24 19:05:45.131126	AUTHENTICATION_FAILURE	admin
3362	2021-01-24 19:05:45.221915	AUTHENTICATION_FAILURE	admin
3363	2021-01-24 19:05:45.44061	AUTHENTICATION_FAILURE	admin
3364	2021-01-24 19:05:45.542848	AUTHENTICATION_FAILURE	admin
3365	2021-01-24 19:05:45.759396	AUTHENTICATION_FAILURE	admin
3366	2021-01-24 19:05:45.85936	AUTHENTICATION_FAILURE	admin
3367	2021-01-24 19:05:46.081674	AUTHENTICATION_FAILURE	admin
3368	2021-01-24 19:05:46.187746	AUTHENTICATION_FAILURE	admin
3369	2021-01-24 19:05:46.421661	AUTHENTICATION_FAILURE	admin
3370	2021-01-24 19:05:46.524414	AUTHENTICATION_FAILURE	admin
3371	2021-01-24 19:05:46.759348	AUTHENTICATION_FAILURE	admin
3372	2021-01-24 19:05:46.876378	AUTHENTICATION_FAILURE	admin
3373	2021-01-24 19:05:47.118626	AUTHENTICATION_FAILURE	admin
3374	2021-01-24 19:05:47.225105	AUTHENTICATION_FAILURE	admin
3375	2021-01-24 19:05:47.443388	AUTHENTICATION_FAILURE	admin
3376	2021-01-24 19:05:47.555479	AUTHENTICATION_FAILURE	admin
3377	2021-01-24 19:05:47.803348	AUTHENTICATION_FAILURE	admin
3378	2021-01-24 19:05:47.986512	AUTHENTICATION_FAILURE	admin
3379	2021-01-24 19:05:54.418149	AUTHENTICATION_SUCCESS	admin
3380	2021-01-24 19:06:33.061199	AUTHENTICATION_SUCCESS	marine
3381	2021-01-24 19:10:22.444283	AUTHENTICATION_SUCCESS	admin
3382	2021-01-24 19:11:38.025187	AUTHENTICATION_SUCCESS	marine
3383	2021-01-24 19:11:49.362927	AUTHENTICATION_SUCCESS	admin
3384	2021-01-24 19:12:23.112123	AUTHENTICATION_SUCCESS	test
3385	2021-01-24 19:12:37.666953	AUTHENTICATION_FAILURE	marine
3386	2021-01-24 19:12:42.566553	AUTHENTICATION_SUCCESS	marine
3387	2021-01-24 19:19:59.524333	AUTHENTICATION_SUCCESS	admin
3552	2021-01-25 13:14:01.811998	AUTHENTICATION_FAILURE	user
3553	2021-01-25 13:14:01.836916	AUTHENTICATION_FAILURE	user
3558	2021-01-25 13:14:01.825945	AUTHENTICATION_SUCCESS	admin
3556	2021-01-25 13:14:01.830933	AUTHENTICATION_FAILURE	user
3557	2021-01-25 13:14:01.826944	AUTHENTICATION_FAILURE	user
3555	2021-01-25 13:14:01.833924	AUTHENTICATION_SUCCESS	admin
3554	2021-01-25 13:14:01.834923	AUTHENTICATION_FAILURE	user
3559	2021-01-25 13:14:23.525784	AUTHENTICATION_FAILURE	user
3560	2021-01-25 13:14:40.618612	AUTHENTICATION_SUCCESS	test
3561	2021-01-25 13:15:29.319369	AUTHENTICATION_SUCCESS	marine
3602	2021-01-31 13:41:06.136305	AUTHENTICATION_SUCCESS	marine
3603	2021-01-31 13:49:49.011017	AUTHENTICATION_SUCCESS	marine
3702	2021-01-31 18:08:49.255683	AUTHENTICATION_SUCCESS	marine
3852	2021-02-01 10:50:17.039442	AUTHENTICATION_SUCCESS	marine
4002	2021-02-01 10:57:37.060041	AUTHENTICATION_SUCCESS	marine
4304	2021-02-01 12:16:03.803595	AUTHENTICATION_SUCCESS	admin
4504	2021-02-01 13:40:23.535366	AUTHENTICATION_SUCCESS	admin
4505	2021-02-01 13:41:31.872116	AUTHENTICATION_SUCCESS	marine
4506	2021-02-01 13:41:54.969332	AUTHENTICATION_SUCCESS	test
4507	2021-02-01 13:42:19.759921	AUTHENTICATION_SUCCESS	marine
4508	2021-02-01 13:44:55.904856	AUTHENTICATION_SUCCESS	admin
4509	2021-02-01 13:46:27.711331	AUTHENTICATION_SUCCESS	marine
4602	2021-02-01 15:24:13.818516	AUTHENTICATION_SUCCESS	marine
4603	2021-02-01 15:26:20.152059	AUTHENTICATION_SUCCESS	azer
4852	2021-02-01 15:33:53.362658	AUTHENTICATION_SUCCESS	admin
4853	2021-02-01 15:34:30.089496	AUTHENTICATION_FAILURE	test
4854	2021-02-01 15:34:40.303626	AUTHENTICATION_SUCCESS	marine
4855	2021-02-01 15:35:10.855514	AUTHENTICATION_SUCCESS	admin
4856	2021-02-01 15:35:33.53796	AUTHENTICATION_SUCCESS	marine
4858	2021-02-01 15:36:30.699049	AUTHENTICATION_SUCCESS	admin
4859	2021-02-01 15:36:47.464849	AUTHENTICATION_SUCCESS	azer
5252	2021-02-01 15:55:38.888482	AUTHENTICATION_SUCCESS	marine
\.


--
-- TOC entry 2872 (class 0 OID 24811)
-- Dependencies: 205
-- Data for Name: jhi_persistent_audit_evt_data; Type: TABLE DATA; Schema: public; Owner: postgres
--

COPY public.jhi_persistent_audit_evt_data (event_id, value, name) FROM stdin;
3154	org.springframework.security.authentication.BadCredentialsException	type
3154	Les identifications sont erronées	message
3357	org.springframework.security.authentication.BadCredentialsException	type
3357	Les identifications sont erronées	message
3358	org.springframework.security.authentication.BadCredentialsException	type
3358	Les identifications sont erronées	message
3359	org.springframework.security.authentication.BadCredentialsException	type
3359	Les identifications sont erronées	message
3360	org.springframework.security.authentication.BadCredentialsException	type
3360	Les identifications sont erronées	message
3361	org.springframework.security.authentication.BadCredentialsException	type
3361	Les identifications sont erronées	message
3362	org.springframework.security.authentication.BadCredentialsException	type
3362	Les identifications sont erronées	message
3363	org.springframework.security.authentication.BadCredentialsException	type
3363	Les identifications sont erronées	message
3364	org.springframework.security.authentication.BadCredentialsException	type
3364	Les identifications sont erronées	message
3365	org.springframework.security.authentication.BadCredentialsException	type
3365	Les identifications sont erronées	message
3366	org.springframework.security.authentication.BadCredentialsException	type
3366	Les identifications sont erronées	message
3367	org.springframework.security.authentication.BadCredentialsException	type
3367	Les identifications sont erronées	message
3368	org.springframework.security.authentication.BadCredentialsException	type
3368	Les identifications sont erronées	message
3369	org.springframework.security.authentication.BadCredentialsException	type
3369	Les identifications sont erronées	message
3370	org.springframework.security.authentication.BadCredentialsException	type
3370	Les identifications sont erronées	message
3371	org.springframework.security.authentication.BadCredentialsException	type
3371	Les identifications sont erronées	message
3372	org.springframework.security.authentication.BadCredentialsException	type
3372	Les identifications sont erronées	message
3373	org.springframework.security.authentication.BadCredentialsException	type
3373	Les identifications sont erronées	message
3374	org.springframework.security.authentication.BadCredentialsException	type
3374	Les identifications sont erronées	message
3375	org.springframework.security.authentication.BadCredentialsException	type
3375	Les identifications sont erronées	message
3376	org.springframework.security.authentication.BadCredentialsException	type
3376	Les identifications sont erronées	message
3377	org.springframework.security.authentication.BadCredentialsException	type
3377	Les identifications sont erronées	message
3378	org.springframework.security.authentication.BadCredentialsException	type
3378	Les identifications sont erronées	message
3385	org.springframework.security.authentication.BadCredentialsException	type
3385	Les identifications sont erronées	message
3553	org.springframework.security.authentication.BadCredentialsException	type
3552	org.springframework.security.authentication.BadCredentialsException	type
3556	org.springframework.security.authentication.BadCredentialsException	type
3557	org.springframework.security.authentication.BadCredentialsException	type
3554	org.springframework.security.authentication.BadCredentialsException	type
3554	Les identifications sont erronées	message
3556	Les identifications sont erronées	message
3552	Les identifications sont erronées	message
3553	Les identifications sont erronées	message
3557	Les identifications sont erronées	message
3559	org.springframework.security.authentication.BadCredentialsException	type
3559	Les identifications sont erronées	message
4853	org.springframework.security.authentication.BadCredentialsException	type
4853	Les identifications sont erronées	message
5002	org.springframework.security.authentication.BadCredentialsException	type
5002	Les identifications sont erronées	message
\.


--
-- TOC entry 2873 (class 0 OID 24819)
-- Dependencies: 206
-- Data for Name: jhi_user; Type: TABLE DATA; Schema: public; Owner: postgres
--

COPY public.jhi_user (id, created_by, created_date, last_modified_by, last_modified_date, activated, activation_key, email, first_name, image_url, lang_key, last_name, login, password_hash, reset_date, reset_key) FROM stdin;
2	system	\N	system	\N	t	\N	anonymous@localhost	Anonymous	\N	fr	User	anonymoususer	$2a$10$j8S5d7Sr7.8VTOYNviDPOeWX8KcYILUVJBsYV83Y5NtECayypx9lO	\N	\N
4653	admin	2021-02-01 15:28:24.012901	admin	2021-02-01 15:34:03.769799	t	S8HpfUKUb6NpxP9aDRn9	contact@btnet.fr	\N	\N	fr	\N	marine	$2a$10$BWuuDaqIPJVIttd2/C9FbuGBAQT1CJMuKbA6u2V6oZc6U9fHybxyy	\N	\N
3	system	\N	admin	2021-02-01 15:36:16.58147	t	\N	admin@localhost	Administrator	\N	fr	Administrator	admin	$2a$10$9o6EJW75dtAEnd3fk.gg8.J65Aj0TUSqpq/LxM3phP7zPMMSdJLm.	\N	\N
\.


--
-- TOC entry 2874 (class 0 OID 24827)
-- Dependencies: 207
-- Data for Name: jhi_user_authority; Type: TABLE DATA; Schema: public; Owner: postgres
--

COPY public.jhi_user_authority (user_id, authority_name) FROM stdin;
3	ROLE_ADMIN
3	ROLE_USER
3	ROLE_MARINE
3	ROLE_CLIENT
4653	ROLE_USER
4653	ROLE_MARINE
\.


--
-- TOC entry 2877 (class 0 OID 32994)
-- Dependencies: 210
-- Data for Name: message; Type: TABLE DATA; Schema: public; Owner: postgres
--

COPY public.message (id, contenu, date, receiver_id, sender_id) FROM stdin;
\.


--
-- TOC entry 2883 (class 0 OID 0)
-- Dependencies: 209
-- Name: message_id_seq; Type: SEQUENCE SET; Schema: public; Owner: postgres
--

SELECT pg_catalog.setval('public.message_id_seq', 1, false);


--
-- TOC entry 2884 (class 0 OID 0)
-- Dependencies: 208
-- Name: sequence_generator; Type: SEQUENCE SET; Schema: public; Owner: postgres
--

SELECT pg_catalog.setval('public.sequence_generator', 5301, true);


--
-- TOC entry 2718 (class 2606 OID 24792)
-- Name: client client_pkey; Type: CONSTRAINT; Schema: public; Owner: postgres
--

ALTER TABLE ONLY public.client
    ADD CONSTRAINT client_pkey PRIMARY KEY (id);


--
-- TOC entry 2722 (class 2606 OID 24797)
-- Name: jhi_authority jhi_authority_pkey; Type: CONSTRAINT; Schema: public; Owner: postgres
--

ALTER TABLE ONLY public.jhi_authority
    ADD CONSTRAINT jhi_authority_pkey PRIMARY KEY (name);


--
-- TOC entry 2724 (class 2606 OID 24810)
-- Name: jhi_persistent_audit_event jhi_persistent_audit_event_pkey; Type: CONSTRAINT; Schema: public; Owner: postgres
--

ALTER TABLE ONLY public.jhi_persistent_audit_event
    ADD CONSTRAINT jhi_persistent_audit_event_pkey PRIMARY KEY (event_id);


--
-- TOC entry 2726 (class 2606 OID 24818)
-- Name: jhi_persistent_audit_evt_data jhi_persistent_audit_evt_data_pkey; Type: CONSTRAINT; Schema: public; Owner: postgres
--

ALTER TABLE ONLY public.jhi_persistent_audit_evt_data
    ADD CONSTRAINT jhi_persistent_audit_evt_data_pkey PRIMARY KEY (event_id, name);


--
-- TOC entry 2734 (class 2606 OID 24831)
-- Name: jhi_user_authority jhi_user_authority_pkey; Type: CONSTRAINT; Schema: public; Owner: postgres
--

ALTER TABLE ONLY public.jhi_user_authority
    ADD CONSTRAINT jhi_user_authority_pkey PRIMARY KEY (user_id, authority_name);


--
-- TOC entry 2728 (class 2606 OID 24826)
-- Name: jhi_user jhi_user_pkey; Type: CONSTRAINT; Schema: public; Owner: postgres
--

ALTER TABLE ONLY public.jhi_user
    ADD CONSTRAINT jhi_user_pkey PRIMARY KEY (id);


--
-- TOC entry 2736 (class 2606 OID 32998)
-- Name: message messagePK; Type: CONSTRAINT; Schema: public; Owner: postgres
--

ALTER TABLE ONLY public.message
    ADD CONSTRAINT "messagePK" PRIMARY KEY (id);


--
-- TOC entry 2720 (class 2606 OID 24838)
-- Name: client uk_1ixfyfepst9sjbo9op1v65fg0; Type: CONSTRAINT; Schema: public; Owner: postgres
--

ALTER TABLE ONLY public.client
    ADD CONSTRAINT uk_1ixfyfepst9sjbo9op1v65fg0 UNIQUE (user_id);


--
-- TOC entry 2730 (class 2606 OID 24842)
-- Name: jhi_user uk_9y0frpqnmqe7y6mk109vw3246; Type: CONSTRAINT; Schema: public; Owner: postgres
--

ALTER TABLE ONLY public.jhi_user
    ADD CONSTRAINT uk_9y0frpqnmqe7y6mk109vw3246 UNIQUE (login);


--
-- TOC entry 2732 (class 2606 OID 24840)
-- Name: jhi_user uk_bycanyquvi09q7fh5pgxrqnku; Type: CONSTRAINT; Schema: public; Owner: postgres
--

ALTER TABLE ONLY public.jhi_user
    ADD CONSTRAINT uk_bycanyquvi09q7fh5pgxrqnku UNIQUE (email);


--
-- TOC entry 2741 (class 2606 OID 32999)
-- Name: message FKn2uh39wvjaq01cvg64ac000dn; Type: FK CONSTRAINT; Schema: public; Owner: postgres
--

ALTER TABLE ONLY public.message
    ADD CONSTRAINT "FKn2uh39wvjaq01cvg64ac000dn" FOREIGN KEY (sender_id) REFERENCES public.client(id);


--
-- TOC entry 2742 (class 2606 OID 33004)
-- Name: message FKpx2pq98oo2jh33ep6pcr88uap; Type: FK CONSTRAINT; Schema: public; Owner: postgres
--

ALTER TABLE ONLY public.message
    ADD CONSTRAINT "FKpx2pq98oo2jh33ep6pcr88uap" FOREIGN KEY (receiver_id) REFERENCES public.client(id);


--
-- TOC entry 2740 (class 2606 OID 24860)
-- Name: jhi_user_authority fk290okww5jujghp4el5i7mgwu0; Type: FK CONSTRAINT; Schema: public; Owner: postgres
--

ALTER TABLE ONLY public.jhi_user_authority
    ADD CONSTRAINT fk290okww5jujghp4el5i7mgwu0 FOREIGN KEY (user_id) REFERENCES public.jhi_user(id);


--
-- TOC entry 2738 (class 2606 OID 24850)
-- Name: jhi_persistent_audit_evt_data fk2ehnyx2si4tjd2nt4q7y40v8m; Type: FK CONSTRAINT; Schema: public; Owner: postgres
--

ALTER TABLE ONLY public.jhi_persistent_audit_evt_data
    ADD CONSTRAINT fk2ehnyx2si4tjd2nt4q7y40v8m FOREIGN KEY (event_id) REFERENCES public.jhi_persistent_audit_event(event_id);


--
-- TOC entry 2739 (class 2606 OID 24855)
-- Name: jhi_user_authority fk4psxl0jtx6nr7rhqbynr6itoc; Type: FK CONSTRAINT; Schema: public; Owner: postgres
--

ALTER TABLE ONLY public.jhi_user_authority
    ADD CONSTRAINT fk4psxl0jtx6nr7rhqbynr6itoc FOREIGN KEY (authority_name) REFERENCES public.jhi_authority(name);


--
-- TOC entry 2737 (class 2606 OID 24845)
-- Name: client fkrll00svkowpspnn2mk5ga84sk; Type: FK CONSTRAINT; Schema: public; Owner: postgres
--

ALTER TABLE ONLY public.client
    ADD CONSTRAINT fkrll00svkowpspnn2mk5ga84sk FOREIGN KEY (user_id) REFERENCES public.jhi_user(id);


-- Completed on 2021-02-01 17:56:25

--
-- PostgreSQL database dump complete
--

